{
  "id": "",
  "name": "",
  "font_family": "iconfont",
  "css_prefix_text": "icon-",
  "description": "",
  "glyphs": [
    {
      "icon_id": "9214971",
      "name": "安全_line",
      "font_class": "anquan",
      "unicode": "e872",
      "unicode_decimal": 59506
    },
    {
      "icon_id": "9214972",
      "name": "彩蛋_line",
      "font_class": "caidan",
      "unicode": "e873",
      "unicode_decimal": 59507
    },
    {
      "icon_id": "9214973",
      "name": "爱心_line",
      "font_class": "aixin",
      "unicode": "e874",
      "unicode_decimal": 59508
    },
    {
      "icon_id": "9214974",
      "name": "编辑_line",
      "font_class": "bianji",
      "unicode": "e875",
      "unicode_decimal": 59509
    },
    {
      "icon_id": "9214975",
      "name": "成功_line",
      "font_class": "chenggong",
      "unicode": "e876",
      "unicode_decimal": 59510
    },
    {
      "icon_id": "9214976",
      "name": "阿里鱼_line",
      "font_class": "aliyu",
      "unicode": "e877",
      "unicode_decimal": 59511
    },
    {
      "icon_id": "9214977",
      "name": "电话_line",
      "font_class": "dianhua",
      "unicode": "e878",
      "unicode_decimal": 59512
    },
    {
      "icon_id": "9214978",
      "name": "不感兴趣_line",
      "font_class": "buganxingqu",
      "unicode": "e879",
      "unicode_decimal": 59513
    },
    {
      "icon_id": "9214979",
      "name": "帮助_line",
      "font_class": "bangzhu",
      "unicode": "e87a",
      "unicode_decimal": 59514
    },
    {
      "icon_id": "9214980",
      "name": "播放记录_line",
      "font_class": "bofangjilu",
      "unicode": "e87b",
      "unicode_decimal": 59515
    },
    {
      "icon_id": "9214981",
      "name": "分享_line",
      "font_class": "fenxiang",
      "unicode": "e87c",
      "unicode_decimal": 59516
    },
    {
      "icon_id": "9214982",
      "name": "点赞_line",
      "font_class": "dianzan",
      "unicode": "e87d",
      "unicode_decimal": 59517
    },
    {
      "icon_id": "9214983",
      "name": "电影票_line",
      "font_class": "dianyingpiao",
      "unicode": "e87e",
      "unicode_decimal": 59518
    },
    {
      "icon_id": "9214984",
      "name": "话题_line",
      "font_class": "huati",
      "unicode": "e87f",
      "unicode_decimal": 59519
    },
    {
      "icon_id": "9214985",
      "name": "复制_line",
      "font_class": "fuzhi",
      "unicode": "e880",
      "unicode_decimal": 59520
    },
    {
      "icon_id": "9214986",
      "name": "电影_line",
      "font_class": "dianying",
      "unicode": "e881",
      "unicode_decimal": 59521
    },
    {
      "icon_id": "9214987",
      "name": "红包_line",
      "font_class": "hongbao",
      "unicode": "e882",
      "unicode_decimal": 59522
    },
    {
      "icon_id": "9214988",
      "name": "订单_line",
      "font_class": "dingdan",
      "unicode": "e883",
      "unicode_decimal": 59523
    },
    {
      "icon_id": "9214989",
      "name": "卡包_line",
      "font_class": "kabao",
      "unicode": "e884",
      "unicode_decimal": 59524
    },
    {
      "icon_id": "9214990",
      "name": "定位_line",
      "font_class": "dingwei",
      "unicode": "e885",
      "unicode_decimal": 59525
    },
    {
      "icon_id": "9214991",
      "name": "公益_line",
      "font_class": "gongyi",
      "unicode": "e886",
      "unicode_decimal": 59526
    },
    {
      "icon_id": "9214992",
      "name": "地图_line",
      "font_class": "ditu",
      "unicode": "e887",
      "unicode_decimal": 59527
    },
    {
      "icon_id": "9214993",
      "name": "减少_line",
      "font_class": "jianshao",
      "unicode": "e888",
      "unicode_decimal": 59528
    },
    {
      "icon_id": "9214994",
      "name": "男_line",
      "font_class": "nan",
      "unicode": "e889",
      "unicode_decimal": 59529
    },
    {
      "icon_id": "9214995",
      "name": "女_line",
      "font_class": "nv",
      "unicode": "e88a",
      "unicode_decimal": 59530
    },
    {
      "icon_id": "9214996",
      "name": "礼盒_line",
      "font_class": "lihe",
      "unicode": "e88b",
      "unicode_decimal": 59531
    },
    {
      "icon_id": "9214997",
      "name": "密码_line",
      "font_class": "mima",
      "unicode": "e88c",
      "unicode_decimal": 59532
    },
    {
      "icon_id": "9214998",
      "name": "排行榜_line",
      "font_class": "paihangbang",
      "unicode": "e88d",
      "unicode_decimal": 59533
    },
    {
      "icon_id": "9214999",
      "name": "日历_line",
      "font_class": "rili",
      "unicode": "e88e",
      "unicode_decimal": 59534
    },
    {
      "icon_id": "9215000",
      "name": "朋友圈_line",
      "font_class": "pengyouquan",
      "unicode": "e88f",
      "unicode_decimal": 59535
    },
    {
      "icon_id": "9215001",
      "name": "删除_line",
      "font_class": "shanchu",
      "unicode": "e890",
      "unicode_decimal": 59536
    },
    {
      "icon_id": "9215002",
      "name": "取票_line",
      "font_class": "qupiao",
      "unicode": "e891",
      "unicode_decimal": 59537
    },
    {
      "icon_id": "9215003",
      "name": "评论_line",
      "font_class": "pinglun",
      "unicode": "e892",
      "unicode_decimal": 59538
    },
    {
      "icon_id": "9215004",
      "name": "筛选_line",
      "font_class": "shaixuan",
      "unicode": "e893",
      "unicode_decimal": 59539
    },
    {
      "icon_id": "9215005",
      "name": "礼品卡_line",
      "font_class": "lipinka",
      "unicode": "e894",
      "unicode_decimal": 59540
    },
    {
      "icon_id": "9215006",
      "name": "商圈_line",
      "font_class": "shangquan",
      "unicode": "e895",
      "unicode_decimal": 59541
    },
    {
      "icon_id": "9215007",
      "name": "声音_line",
      "font_class": "shengyin",
      "unicode": "e896",
      "unicode_decimal": 59542
    },
    {
      "icon_id": "9215008",
      "name": "社区_line",
      "font_class": "shequ",
      "unicode": "e897",
      "unicode_decimal": 59543
    },
    {
      "icon_id": "9215009",
      "name": "闪电_line",
      "font_class": "shandian",
      "unicode": "e898",
      "unicode_decimal": 59544
    },
    {
      "icon_id": "9215010",
      "name": "设置_line",
      "font_class": "shezhi",
      "unicode": "e899",
      "unicode_decimal": 59545
    },
    {
      "icon_id": "9215011",
      "name": "时间_line",
      "font_class": "shijian",
      "unicode": "e89a",
      "unicode_decimal": 59546
    },
    {
      "icon_id": "9215012",
      "name": "首页_line",
      "font_class": "shouye",
      "unicode": "e89b",
      "unicode_decimal": 59547
    },
    {
      "icon_id": "9215013",
      "name": "声音关闭_line",
      "font_class": "shengyinguanbi",
      "unicode": "e89c",
      "unicode_decimal": 59548
    },
    {
      "icon_id": "9215014",
      "name": "失败_line",
      "font_class": "shibai",
      "unicode": "e89d",
      "unicode_decimal": 59549
    },
    {
      "icon_id": "9215015",
      "name": "下载_line",
      "font_class": "shangchuan",
      "unicode": "e89e",
      "unicode_decimal": 59550
    },
    {
      "icon_id": "9215016",
      "name": "扫一扫_line",
      "font_class": "saoyisao",
      "unicode": "e89f",
      "unicode_decimal": 59551
    },
    {
      "icon_id": "9215017",
      "name": "数据_line",
      "font_class": "shuju",
      "unicode": "e8a0",
      "unicode_decimal": 59552
    },
    {
      "icon_id": "9215018",
      "name": "搜索_line",
      "font_class": "sousuo",
      "unicode": "e8a1",
      "unicode_decimal": 59553
    },
    {
      "icon_id": "9215019",
      "name": "讨论区_line",
      "font_class": "taolunqu",
      "unicode": "e8a2",
      "unicode_decimal": 59554
    },
    {
      "icon_id": "9215020",
      "name": "微信_line",
      "font_class": "weixin",
      "unicode": "e8a3",
      "unicode_decimal": 59555
    },
    {
      "icon_id": "9215021",
      "name": "图片_line",
      "font_class": "tupian",
      "unicode": "e8a4",
      "unicode_decimal": 59556
    },
    {
      "icon_id": "9215022",
      "name": "手机_line",
      "font_class": "shouji",
      "unicode": "e8a5",
      "unicode_decimal": 59557
    },
    {
      "icon_id": "9215023",
      "name": "退票_line",
      "font_class": "tuipiao",
      "unicode": "e8a6",
      "unicode_decimal": 59558
    },
    {
      "icon_id": "9215024",
      "name": "提示_line",
      "font_class": "tishi",
      "unicode": "e8a7",
      "unicode_decimal": 59559
    },
    {
      "icon_id": "9215025",
      "name": "微博_line",
      "font_class": "weibo",
      "unicode": "e8a8",
      "unicode_decimal": 59560
    },
    {
      "icon_id": "9215026",
      "name": "刷新_line",
      "font_class": "shuaxin",
      "unicode": "e8a9",
      "unicode_decimal": 59561
    },
    {
      "icon_id": "9215027",
      "name": "相机_line",
      "font_class": "xiangji",
      "unicode": "e8aa",
      "unicode_decimal": 59562
    },
    {
      "icon_id": "9215028",
      "name": "我的_line",
      "font_class": "wode",
      "unicode": "e8ab",
      "unicode_decimal": 59563
    },
    {
      "icon_id": "9215029",
      "name": "消息中心_line",
      "font_class": "xiaoxizhongxin",
      "unicode": "e8ac",
      "unicode_decimal": 59564
    },
    {
      "icon_id": "9215030",
      "name": "想看_line",
      "font_class": "xiangkan",
      "unicode": "e8ad",
      "unicode_decimal": 59565
    },
    {
      "icon_id": "9215031",
      "name": "上传_line",
      "font_class": "xiazai",
      "unicode": "e8ae",
      "unicode_decimal": 59566
    },
    {
      "icon_id": "9215032",
      "name": "小食_line",
      "font_class": "xiaoshi",
      "unicode": "e8af",
      "unicode_decimal": 59567
    },
    {
      "icon_id": "9215033",
      "name": "收藏_line",
      "font_class": "shoucang",
      "unicode": "e8b0",
      "unicode_decimal": 59568
    },
    {
      "icon_id": "9215034",
      "name": "消息_line",
      "font_class": "xiaoxi",
      "unicode": "e8b1",
      "unicode_decimal": 59569
    },
    {
      "icon_id": "9215035",
      "name": "小聚场_line",
      "font_class": "xiaojuchang",
      "unicode": "e8b2",
      "unicode_decimal": 59570
    },
    {
      "icon_id": "9215036",
      "name": "小蜜_line",
      "font_class": "xiaomi",
      "unicode": "e8b3",
      "unicode_decimal": 59571
    },
    {
      "icon_id": "9215037",
      "name": "影城卡_line",
      "font_class": "yingchengka",
      "unicode": "e8b4",
      "unicode_decimal": 59572
    },
    {
      "icon_id": "9215038",
      "name": "语音_line",
      "font_class": "yuyin",
      "unicode": "e8b5",
      "unicode_decimal": 59573
    },
    {
      "icon_id": "9215039",
      "name": "增加_line",
      "font_class": "zengjia",
      "unicode": "e8b6",
      "unicode_decimal": 59574
    },
    {
      "icon_id": "9215040",
      "name": "已想看_line",
      "font_class": "yixiangkan",
      "unicode": "e8b7",
      "unicode_decimal": 59575
    },
    {
      "icon_id": "9215041",
      "name": "银行卡_line",
      "font_class": "yinhangka",
      "unicode": "e8b8",
      "unicode_decimal": 59576
    },
    {
      "icon_id": "9215042",
      "name": "演出_line",
      "font_class": "yanchu",
      "unicode": "e8b9",
      "unicode_decimal": 59577
    },
    {
      "icon_id": "9215043",
      "name": "WIFI",
      "font_class": "WIFI",
      "unicode": "e8ba",
      "unicode_decimal": 59578
    },
    {
      "icon_id": "9215044",
      "name": "优惠券_line",
      "font_class": "youhuiquan",
      "unicode": "e8bb",
      "unicode_decimal": 59579
    },
    {
      "icon_id": "9215045",
      "name": "直播_line",
      "font_class": "zhibo",
      "unicode": "e8bc",
      "unicode_decimal": 59580
    },
    {
      "icon_id": "9215046",
      "name": "娱乐宝_line",
      "font_class": "yulebao",
      "unicode": "e8bd",
      "unicode_decimal": 59581
    },
    {
      "icon_id": "9215047",
      "name": "指纹_line",
      "font_class": "zhiwen",
      "unicode": "e8be",
      "unicode_decimal": 59582
    }
  ]
}
